id_sistema_cliente,total_cop,n_activos_cop,hhi_cop,top_activo_cop,top_pct_cop,pct_renta_fija,pct_renta_variable,pct_fics,pct_liquidez_cop,pct_sin_codigo,perfil_riesgo,banca,fecha_cop,total_usd,n_activos_usd,top_pct_usd,pct_liquidez_usd,vol_usd_ponderada,id_aproximado,trm_usada,total_usd_en_cop,patrimonio_total_cop,pct_usd,n_activos_total,cluster_id,silhouette_k,k,segmento,n_alertas,siguiente_mejor_accion
10014876058,8704400.0,1,1.0,ISA,1.0,0.0,1.0,0.0,0.0,0.0,SIN DEFINIR,Personal,2024-05-15,2249377.59,20.0,0.15479104155207665,0.11023613870003925,,False,3900.0,8772572601.0,8781277001.0,0.9990087546493512,21.0,2,0.5621858020429256,6,"C2: Patrimonio alto, con exposición internacional",1,Idoneidad: perfil de riesgo sin definir; aplicar test antes de ofertar productos.
10020203023,1829947172.15,7,0.22908798490051982,CDT TUYA TF B360,0.35824012298113705,0.5606003690230627,0.0,0.43939963097693735,0.10431511448809885,0.21287698805114383,MODERADO,Privada,2024-05-15,73183.48999999999,3.0,0.5960569795181947,0.004579448178817381,,False,3900.0,285415610.99999994,2115362783.15,0.13492513590268698,10.0,0,0.5621858020429256,6,"C0: Patrimonio alto, sesgo renta fija",2,Riesgo de emisor en USD: 60% en una sola posición. | Calidad de datos: 21% del portafolio sin código de activo.
10021382511,2320000.0,1,1.0,ECOPETROL,1.0,0.0,1.0,0.0,0.0,0.0,SIN DEFINIR,Personal,2024-05-15,706179.7,12.0,0.15319228236099114,0.04353485380562483,,False,3900.0,2754100830.0,2756420830.0,0.9991583288100461,13.0,2,0.5621858020429256,6,"C2: Patrimonio alto, con exposición internacional",1,Idoneidad: perfil de riesgo sin definir; aplicar test antes de ofertar productos.
10026419826,95300.0,1,1.0,ETB,1.0,0.0,1.0,0.0,0.0,0.0,SIN DEFINIR,Personal,2024-05-15,1586251.52,14.0,0.17815284426015868,0.00486508596064261,,False,3900.0,6186380928.0,6186476228.0,0.9999845954309873,15.0,2,0.5621858020429256,6,"C2: Patrimonio alto, con exposición internacional",1,Idoneidad: perfil de riesgo sin definir; aplicar test antes de ofertar productos.
10032184607,61910604.43,9,0.14080638450909153,CELSIA,0.20788038040480813,0.0,0.998725291882924,0.0012747081170759616,0.0012747081170759618,0.07619857766586499,MODERADO,Personal,2024-05-15,273088.56,4.0,0.5064757015086974,0.14388680360685924,,False,3900.0,1065045384.0,1126955988.43,0.945063866676595,13.0,4,0.5621858020429256,6,"C4: Patrimonio medio, con exposición internacional",1,Riesgo de emisor en USD: 51% en una sola posición.
10036346714,1160000.0,1,1.0,ECOPETROL,1.0,0.0,1.0,0.0,0.0,0.0,SIN DEFINIR,Personal,2024-05-15,45474.59,3.0,0.36124767699939686,0.36124767699939686,,False,3900.0,177350901.0,178510901.0,0.9935017974056386,4.0,2,0.5621858020429256,6,"C2: Patrimonio alto, con exposición internacional",1,Idoneidad: perfil de riesgo sin definir; aplicar test antes de ofertar productos.
10038643094,86995118.2,3,0.9911104584696514,Plan Semilla,0.9955390156593867,0.0,0.001095463768218663,0.9989045362317813,0.0033655205723946012,0.0,SIN DEFINIR,Personal,2024-05-15,573764.71,10.0,0.6371678209348218,0.6371678209348218,,False,3900.0,2237682369.0,2324677487.2,0.9625775537987497,13.0,5,0.5621858020429256,6,"C5: Patrimonio medio, con exposición internacional",3,Idoneidad: perfil de riesgo sin definir; aplicar test antes de ofertar productos. | Concentración: 100% en 'Plan Semilla'; diversificar. | Riesgo de emisor en USD: 64% en una sola posición.
10039538018,340881.98,1,1.0,Fiducuenta,1.0,0.0,0.0,1.0,1.0,0.0,MODERADO,Personal,2024-05-15,226618.41999999998,2.0,0.9969409371047596,0.0030590628952403783,,False,3900.0,883811837.9999999,884152719.9799999,0.9996144535075255,3.0,5,0.5621858020429256,6,"C5: Patrimonio medio, con exposición internacional",2,Liquidez ociosa: 100% en liquidez; trasladar a renta fija o FIC de mayor plazo. | Riesgo de emisor en USD: 100% en una sola posición.
10039553126,650734.95,1,1.0,Plan Semilla,1.0,0.0,0.0,1.0,0.0,0.0,SIN DEFINIR,Personal,2024-05-15,222548.55,5.0,0.3810597283154619,0.0002751309770384934,,False,3900.0,867939345.0,868590079.95,0.9992508146650287,6.0,5,0.5621858020429256,6,"C5: Patrimonio medio, con exposición internacional",1,Idoneidad: perfil de riesgo sin definir; aplicar test antes de ofertar productos.
10039616197,18357700.0,3,0.7701710208191817,ISA,0.8684312304918372,0.0,1.0,0.0,0.0,0.0,SIN DEFINIR,Personal,2024-05-15,5610.219999999999,2.0,0.9983173565386029,0.001682643461397236,,False,3900.0,21879857.999999996,40237558.0,0.5437670447098205,5.0,2,0.5621858020429256,6,"C2: Patrimonio alto, con exposición internacional",3,Idoneidad: perfil de riesgo sin definir; aplicar test antes de ofertar productos. | Concentración: 87% en 'ISA'; diversificar. | Riesgo de emisor en USD: 100% en una sola posición.
10041560001,1160000.0,1,1.0,ECOPETROL,1.0,0.0,1.0,0.0,0.0,0.0,SIN DEFINIR,Personal,2024-05-15,1168423.04,8.0,0.25431884670812377,0.00019538300100621088,,False,3900.0,4556849856.0,4558009856.0,0.9997455029636514,9.0,2,0.5621858020429256,6,"C2: Patrimonio alto, con exposición internacional",1,Idoneidad: perfil de riesgo sin definir; aplicar test antes de ofertar productos.
10042890695,28704535.16,1,1.0,Fiducuenta,1.0,0.0,0.0,1.0,1.0,0.0,NO REGISTRA,Personal,2024-05-15,0.0,0.0,0.0,0.0,,False,3900.0,0.0,28704535.16,0.0,1.0,1,0.5621858020429256,6,"C1: Patrimonio medio, balanceado / FICs",1,Liquidez ociosa: 100% en liquidez; trasladar a renta fija o FIC de mayor plazo.
1004870235,7679200.0,1,1.0,ECOPETROL,1.0,0.0,1.0,0.0,0.0,0.0,AGRESIVO,Personal,2024-05-15,1700255.98,19.0,0.18062780170312942,0.010627288015772778,,False,3900.0,6630998322.0,6638677522.0,0.9988432635905944,20.0,2,0.5621858020429256,6,"C2: Patrimonio alto, con exposición internacional",0,Portafolio balanceado: mantener estrategia y rebalancear semestralmente.
10066848163,5838534.14,1,1.0,Fiducuenta,1.0,0.0,0.0,1.0,1.0,0.0,SIN DEFINIR,Personal,2024-05-15,0.0,0.0,0.0,0.0,,False,3900.0,0.0,5838534.14,0.0,1.0,1,0.5621858020429256,6,"C1: Patrimonio medio, balanceado / FICs",2,Idoneidad: perfil de riesgo sin definir; aplicar test antes de ofertar productos. | Liquidez ociosa: 100% en liquidez; trasladar a renta fija o FIC de mayor plazo.
10071747544,274649.36,1,1.0,Fiducuenta,1.0,0.0,0.0,1.0,1.0,0.0,AGRESIVO,Personal,2024-05-15,0.0,0.0,0.0,0.0,,False,3900.0,0.0,274649.36,0.0,1.0,1,0.5621858020429256,6,"C1: Patrimonio medio, balanceado / FICs",1,Liquidez ociosa: 100% en liquidez; trasladar a renta fija o FIC de mayor plazo.
10079142847,11261720.0,3,0.33447608890985925,PFGRUPSURA,0.3509677029796514,0.0,1.0,0.0,0.0,0.0,MODERADO,Preferencial,2024-05-15,0.0,0.0,0.0,0.0,,False,3900.0,0.0,11261720.0,0.0,3.0,4,0.5621858020429256,6,"C4: Patrimonio medio, con exposición internacional",0,Portafolio balanceado: mantener estrategia y rebalancear semestralmente.
10079414250,1160000.0,1,1.0,ECOPETROL,1.0,0.0,1.0,0.0,0.0,0.0,SIN DEFINIR,Personal,2024-05-15,0.0,0.0,0.0,0.0,,False,3900.0,0.0,1160000.0,0.0,1.0,3,0.5621858020429256,6,"C3: Patrimonio bajo, sesgo renta variable",1,Idoneidad: perfil de riesgo sin definir; aplicar test antes de ofertar productos.
10098522488,3480000.0,1,1.0,ECOPETROL,1.0,0.0,1.0,0.0,0.0,0.0,SIN DEFINIR,Personal,2024-05-15,0.0,0.0,0.0,0.0,,False,3900.0,0.0,3480000.0,0.0,1.0,3,0.5621858020429256,6,"C3: Patrimonio bajo, sesgo renta variable",1,Idoneidad: perfil de riesgo sin definir; aplicar test antes de ofertar productos.
SCI-1001010000000,36227501.89,1,1.0,Fiducuenta,1.0,0.0,0.0,1.0,1.0,0.0,MODERADO,Personal,2024-05-15,0.0,0.0,0.0,0.0,,True,3900.0,0.0,36227501.89,0.0,1.0,1,0.5621858020429256,6,"C1: Patrimonio medio, balanceado / FICs",1,Liquidez ociosa: 100% en liquidez; trasladar a renta fija o FIC de mayor plazo.
SCI-1001030000000,1160000.0,1,1.0,ECOPETROL,1.0,0.0,1.0,0.0,0.0,0.0,MODERADO,Personal,2024-05-15,0.0,0.0,0.0,0.0,,True,3900.0,0.0,1160000.0,0.0,1.0,3,0.5621858020429256,6,"C3: Patrimonio bajo, sesgo renta variable",0,Portafolio balanceado: mantener estrategia y rebalancear semestralmente.
SCI-1001050000000,2320000.0,1,1.0,ECOPETROL,1.0,0.0,1.0,0.0,0.0,0.0,SIN DEFINIR,Personal,2024-05-15,0.0,0.0,0.0,0.0,,True,3900.0,0.0,2320000.0,0.0,1.0,3,0.5621858020429256,6,"C3: Patrimonio bajo, sesgo renta variable",1,Idoneidad: perfil de riesgo sin definir; aplicar test antes de ofertar productos.
SCI-1001090000000,1771.49,1,1.0,Fiducuenta,1.0,0.0,0.0,1.0,1.0,0.0,MODERADO,Personal,2024-05-15,0.0,0.0,0.0,0.0,,True,3900.0,0.0,1771.49,0.0,1.0,3,0.5621858020429256,6,"C3: Patrimonio bajo, sesgo renta variable",1,Liquidez ociosa: 100% en liquidez; trasladar a renta fija o FIC de mayor plazo.
SCI-1001140000000,2330560.17,2,0.9909787181776226,ECOPETROL,0.9954688275651772,0.0,0.9954688275651772,0.004531172434822826,0.004531172434822826,0.0,SIN DEFINIR,Personal,2024-05-15,0.0,0.0,0.0,0.0,,True,3900.0,0.0,2330560.17,0.0,2.0,3,0.5621858020429256,6,"C3: Patrimonio bajo, sesgo renta variable",2,Idoneidad: perfil de riesgo sin definir; aplicar test antes de ofertar productos. | Concentración: 100% en 'ECOPETROL'; diversificar.
SCI-100800000000,535000146.6,1,1.0,Renta Liquidez,1.0,0.0,0.0,1.0,1.0,0.0,CONSERVADOR,Pymes,2024-05-15,0.0,0.0,0.0,0.0,,True,3900.0,0.0,535000146.6,0.0,1.0,1,0.5621858020429256,6,"C1: Patrimonio medio, balanceado / FICs",2,Cobertura cambiaria: patrimonio sobre la mediana sin exposición USD; ofrecer portafolio internacional. | Liquidez ociosa: 100% en liquidez; trasladar a renta fija o FIC de mayor plazo.
SCI-100830000000,158800.0,1,1.0,ETB,1.0,0.0,1.0,0.0,0.0,0.0,SIN DEFINIR,Pymes,2024-05-15,0.0,0.0,0.0,0.0,,True,3900.0,0.0,158800.0,0.0,1.0,3,0.5621858020429256,6,"C3: Patrimonio bajo, sesgo renta variable",1,Idoneidad: perfil de riesgo sin definir; aplicar test antes de ofertar productos.
SCI-100890000000,172108688.2,2,0.7728073946982885,Renta Liquidez,0.86932871178551,0.0,0.0,1.0,0.86932871178551,0.0,MODERADO,Privada,2024-05-15,0.0,0.0,0.0,0.0,,True,3900.0,0.0,172108688.2,0.0,2.0,1,0.5621858020429256,6,"C1: Patrimonio medio, balanceado / FICs",3,Concentración: 87% en 'Renta Liquidez'; diversificar. | Cobertura cambiaria: patrimonio sobre la mediana sin exposición USD; ofrecer portafolio internacional. | Liquidez ociosa: 87% en liquidez; trasladar a renta fija o FIC de mayor plazo.
SCI-100900000000,127010554.28,2,0.7088947431428987,Fiducuenta,0.8231831857808345,0.0,0.0,1.0,1.0,0.0,CONSERVADOR,Preferencial,2024-05-15,0.0,0.0,0.0,0.0,,True,3900.0,0.0,127010554.28,0.0,2.0,1,0.5621858020429256,6,"C1: Patrimonio medio, balanceado / FICs",2,Concentración: 82% en 'Fiducuenta'; diversificar. | Liquidez ociosa: 100% en liquidez; trasladar a renta fija o FIC de mayor plazo.
SCI-100901000000,1077997925.0,1,1.0,Renta Liquidez,1.0,0.0,0.0,1.0,1.0,0.0,CONSERVADOR,Empresas,2024-05-15,0.0,0.0,0.0,0.0,,True,3900.0,0.0,1077997925.0,0.0,1.0,1,0.5621858020429256,6,"C1: Patrimonio medio, balanceado / FICs",2,Cobertura cambiaria: patrimonio sobre la mediana sin exposición USD; ofrecer portafolio internacional. | Liquidez ociosa: 100% en liquidez; trasladar a renta fija o FIC de mayor plazo.
SCI-100902000000,1071851480.0,1,1.0,Renta Liquidez,1.0,0.0,0.0,1.0,1.0,0.0,CONSERVADOR,Preferencial,2024-05-15,0.0,0.0,0.0,0.0,,True,3900.0,0.0,1071851480.0,0.0,1.0,1,0.5621858020429256,6,"C1: Patrimonio medio, balanceado / FICs",2,Cobertura cambiaria: patrimonio sobre la mediana sin exposición USD; ofrecer portafolio internacional. | Liquidez ociosa: 100% en liquidez; trasladar a renta fija o FIC de mayor plazo.
